연도_반기,취업자_15_29세,취업자_30_49세,취업자_50_64세
2010_H1,211942,459177,344982
2010_H2,189736,514583,349953
2011_H1,199475,489774,361557
2011_H2,191980,486171,325446
2012_H1,199331,509115,329084
2012_H2,181900,469015,349987
2013_H1,180792,485536,315777
2013_H2,190216,494778,355361
2014_H1,175649,463628,344431
2014_H2,185135,518871,318775
2015_H1,183949,488717,334242
2015_H2,166612,495967,321032
2016_H1,173641,484439,314872
2016_H2,176055,489358,338829
2017_H1,180803,485989,341610
2017_H2,168029,476920,310518
2018_H1,170386,463861,319465
2018_H2,177581,488161,331091
2019_H1,170835,495238,323116
2019_H2,176268,445896,325867
2020_H1,180333,471969,327216
2020_H2,165905,458278,320194
